{"stats":{"minecraft:mined":{"minecraft:podzol":1,"minecraft:cyan_terracotta":1,"minecraft:red_bed":3,"minecraft:powder_snow":1,"minecraft:grass_block":8,"minecraft:tall_grass":42,"minecraft:oak_planks":1,"minecraft:wall_torch":2,"minecraft:hay_block":14,"minecraft:coarse_dirt":6,"minecraft:furnace":1,"minecraft:birch_log":26,"minecraft:iron_ore":1,"minecraft:spruce_log":12,"minecraft:birch_leaves":4,"minecraft:stone_brick_stairs":1,"minecraft:brown_bed":3,"gamma_beasts:thin_oak_log":63,"minecraft:grass":73,"minecraft:coal_ore":9,"minecraft:dirt":8,"minecraft:bamboo":1,"minecraft:stone":20,"minecraft:fern":1},"minecraft:custom":{"minecraft:interact_with_smithing_table":2,"minecraft:interact_with_furnace":2,"minecraft:mob_kills":1,"minecraft:interact_with_crafting_table":3,"minecraft:interact_with_cartography_table":2,"minecraft:open_barrel":13,"minecraft:eat_cake_slice":3,"minecraft:leave_game":5,"minecraft:time_since_death":49079,"minecraft:sleep_in_bed":5,"minecraft:climb_one_cm":3290,"minecraft:time_since_rest":2610,"minecraft:waystone_activated":1,"minecraft:sprint_one_cm":165613,"minecraft:damage_taken":800,"minecraft:walk_one_cm":202683,"minecraft:drop":23,"minecraft:damage_dealt":395,"minecraft:swim_one_cm":7347,"minecraft:fly_one_cm":60640,"minecraft:open_chest":27,"minecraft:crouch_one_cm":1031,"minecraft:play_time":68870,"minecraft:deaths":2,"minecraft:sneak_time":993,"minecraft:walk_under_water_one_cm":7193,"minecraft:jump":696,"minecraft:interact_with_blast_furnace":1,"minecraft:walk_on_water_one_cm":17133,"minecraft:interact_with_smoker":2,"minecraft:total_world_time":68870,"minecraft:fall_one_cm":12363},"minecraft:crafted":{"minecraft:wooden_pickaxe":1,"easy_hammers:stone_hammer":2,"minecraft:stone_axe":1,"minecraft:stick":8,"minecraft:wooden_axe":1},"minecraft:broken":{"minecraft:wooden_axe":1},"minecraft:killed_by":{"gamma_beasts:radioactive_bear_a":1,"minecraft:skeleton":1},"minecraft:killed":{"vampirism:advanced_vampire":1},"minecraft:picked_up":{"minecraft:birch_log":24,"gamma_beasts:thin_oak_log":63,"minecraft:coarse_dirt":6,"useless_sword:valhalla_sword":1,"minecraft:basalt":4,"minecraft:wooden_pickaxe":2,"minecraft:brown_bed":3,"minecraft:stone_brick_stairs":2,"gamma_beasts:green_apple":102,"gamma_beasts:oak_leaf":123,"gravestone:obituary":1,"minecraft:dirt":15,"minecraft:red_bed":3,"minecraft:item_frame":1,"minecraft:stone_bricks":2,"minecraft:wheat_seeds":31,"minecraft:bamboo":5,"minecraft:birch_sapling":5,"minecraft:oak_planks":1,"minecraft:egg":1,"minecraft:furnace":1,"minecraft:stick":7,"minecraft:raw_iron":2,"minecraft:torch":3,"minecraft:spruce_sapling":4,"minecraft:carrot":1,"minecraft:spruce_log":10,"minecraft:stone_axe":1,"minecraft:hay_block":14,"minecraft:cyan_terracotta":5,"gamma_beasts:coal_nugget":2,"minecraft:coal":17,"minecraft:cobblestone":60},"minecraft:dropped":{"minecraft:iron_ingot":6,"minecraft:stone_axe":1,"minecraft:wheat_seeds":18,"weaponmaster:tutorialbook":1,"minecraft:birch_sapling":5,"minecraft:raw_iron":2,"easy_hammers:stone_hammer":1,"gamma_beasts:green_apple":29,"minecraft:filled_map":1,"minecraft:iron_block":2,"minecraft:leather_chestplate":1,"mca:book_romance":1,"minecraft:torch":1,"gravestone:obituary":2,"minecraft:stone_bricks":2,"minecraft:wooden_pickaxe":3,"minecraft:spruce_sapling":4,"minecraft:egg":1},"minecraft:used":{"minecraft:oak_planks":1,"minecraft:wooden_pickaxe":22,"minecraft:leather_chestplate":1,"gamma_beasts:green_apple":13,"easy_hammers:stone_hammer":17,"minecraft:chainmail_helmet":1,"minecraft:torch":14,"minecraft:dirt":14,"minecraft:crafting_table":3,"minecraft:red_bed":2,"minecraft:chainmail_chestplate":1,"minecraft:cake":1,"minecraft:wooden_axe":69,"minecraft:cyan_terracotta":5,"minecraft:iron_boots":1,"minecraft:golden_helmet":1,"minecraft:item_frame":1,"minecraft:stone_bricks":5,"minecraft:stone_axe":53,"minecraft:basalt":4,"minecraft:cobblestone":15,"minecraft:coarse_dirt":6,"minecraft:brown_bed":3,"minecraft:chainmail_leggings":1,"minecraft:iron_leggings":1,"minecraft:golden_boots":1}},"DataVersion":3465}