{"stats":{"minecraft:mined":{"minecraft:hay_block":3,"minecraft:cobblestone_wall":1,"minecraft:fire":1,"minecraft:brown_bed":2,"gravestone:gravestone":1,"minecraft:grass":5,"minecraft:lectern":1,"minecraft:tall_grass":1,"minecraft:damaged_anvil":1,"minecraft:chipped_anvil":1},"minecraft:killed_by":{"gamma_beasts:radioactive_bear_a":1,"minecraft:creeper":2},"minecraft:custom":{"minecraft:time_since_rest":2550,"minecraft:waystone_activated":1,"minecraft:sprint_one_cm":132663,"minecraft:damage_taken":1120,"minecraft:walk_one_cm":44603,"vampirism:interact_with_totem":2,"minecraft:drop":6,"minecraft:damage_dealt":180,"minecraft:swim_one_cm":18405,"minecraft:tune_noteblock":1,"minecraft:fly_one_cm":69009,"minecraft:open_barrel":6,"minecraft:open_chest":5,"minecraft:crouch_one_cm":153,"minecraft:play_time":39618,"minecraft:deaths":3,"minecraft:sneak_time":138,"minecraft:walk_under_water_one_cm":1153,"minecraft:eat_cake_slice":6,"minecraft:jump":413,"minecraft:leave_game":3,"minecraft:walk_on_water_one_cm":2347,"minecraft:time_since_death":20598,"minecraft:sleep_in_bed":2,"minecraft:total_world_time":39618,"minecraft:climb_one_cm":139,"minecraft:fall_one_cm":12399},"minecraft:used":{"minecraft:iron_helmet":2,"minecraft:leather_helmet":1,"minecraft:leather_chestplate":1,"gamma_beasts:green_apple":7,"easy_hammers:stone_hammer":6,"minecraft:chainmail_helmet":2,"minecraft:golden_helmet":1,"minecraft:iron_chestplate":2,"minecraft:cooked_rabbit":1,"minecraft:chainmail_boots":1,"minecraft:chainmail_chestplate":1,"minecraft:brown_bed":1},"minecraft:picked_up":{"minecraft:raw_iron":2,"minecraft:leather_chestplate":1,"minecraft:cooked_beef":1,"minecraft:wooden_pickaxe":1,"minecraft:torch":1,"minecraft:filled_map":1,"minecraft:brown_bed":2,"minecraft:cooked_rabbit":1,"gamma_beasts:green_apple":28,"minecraft:andesite_wall":1,"minecraft:item_frame":1,"vampirism:blood_bottle":1,"minecraft:bone":1,"minecraft:chipped_anvil":2,"minecraft:stone_bricks":3,"minecraft:hay_block":3,"minecraft:iron_ingot":6,"minecraft:iron_block":2,"easy_hammers:stone_hammer":1,"weaponmaster:tutorialbook":1,"minecraft:lectern":1,"minecraft:bamboo":2,"minecraft:damaged_anvil":2,"minecraft:cobblestone":4},"minecraft:dropped":{"minecraft:leather_chestplate":1,"useless_sword:valhalla_sword":1,"gravestone:obituary":1,"minecraft:bamboo":2,"minecraft:wooden_pickaxe":1}},"DataVersion":3465}